apply_model_median,bridge_glue_median,case,cold_wall,completed,forward_calls_per_request,gpu_peak_gib,gpu_reserved_peak_gib,hot_n,instrumented,load_seconds,path,sampler_median,stage_source,wall_max,wall_median,wall_min,worker_step_median,worker_total_median
46.198560228571296,0.2708812300115824,ref2av_fixed_profile_native,141.57173470407724,3,20,13.626220703125,,1,True,,ComfyUI API,46.23020786046982,,53.632545437663794,53.632545437663794,53.632545437663794,45.92767899855971,45.97577985189855
47.19808707945049,,ref2av_integrated,141.74339671619236,7,20,12.14971923828125,,5,True,,ComfyUI API,47.226807376369834,,54.448650972917676,54.37909606099129,54.243615636602044,,
,,ref2av_max_gpu_te_fixed_integrated,210.88801188766956,1,20,30.794189453125,,0,True,,ComfyUI API,,,,,,,
,,ref2av_max_gpu_te_integrated,204.78260174393654,1,20,25.485595703125,,0,True,,ComfyUI API,,,,,,,
,,ref2av_max_gpu_te_official,174.9671793896705,1,20,31.58392333984375,,0,True,,ComfyUI API,,,,,,,
,,ref2av_max_inputs_integrated,49.00108011253178,1,1,30.73822021484375,,0,True,,ComfyUI API,,,,,,,
,,ref2av_max_inputs_official,273.0582702308893,1,1,31.58782958984375,,0,True,,ComfyUI API,,,,,,,
146.7550846207887,,ref2av_max_integrated,459.343724636361,7,20,14.680908203125,,5,True,,ComfyUI API,146.78752142749727,,154.43706041015685,154.1544525399804,153.91718235611916,,
144.6284611839801,,ref2av_max_official,419.187376704067,7,20,31.58782958984375,,5,True,,ComfyUI API,144.67198540084064,,152.92667160369456,152.69362168200314,152.52459857426584,,
,,ref2av_max_onestep_integrated,15.06230766698718,1,1,13.899658203125,,0,True,,ComfyUI API,,,,,,,
,,ref2av_max_onestep_official,17.499603804200888,1,1,31.833251953125,,0,True,,ComfyUI API,,,,,,,
44.4184111058712,,ref2av_official,120.59272130578756,7,20,31.83001708984375,,5,True,,ComfyUI API,44.456508522853255,,52.293817618861794,52.236785147339106,51.51252198591828,,
,,ref2av_official_plain_native,108.34312007389963,7,,31.58001708984375,,5,False,,ComfyUI API,44.54837437160313,,52.25953460857272,52.173455664888024,52.06032885797322,,
,,ref2av_optimized_plain_native,148.674799753353,7,,13.626220703125,,5,False,,ComfyUI API,46.22696529701352,,53.60379657521844,53.50548316165805,53.458278650417924,,
46.37742532044649,0.3984475713223219,ref2av_profile_beforefix_native,142.3085798546672,3,20,12.977783203125,,1,True,,ComfyUI API,46.40496105514467,,53.78454301133752,53.78454301133752,53.78454301133752,45.97897774912417,46.022802982479334
44.723871575668454,0.2688171323388815,ref2av_unsplit_sdpa_profile_native,142.37242037057877,3,20,13.481689453125,,1,True,,ComfyUI API,44.751283222809434,,51.83643629588187,51.83643629588187,51.83643629588187,44.45505444332957,44.50625142082572
,,ref2av_unwrapped_latent_check,138.97816763818264,1,,13.626220703125,,0,False,,ComfyUI API,,,,,,,
27.727711141109467,0.4413368199020624,t2av_cache_dit_beforefix_native,118.23469802550972,3,20,13.499267578125,,1,True,,ComfyUI API,27.75127226859331,,34.98821366392076,34.98821366392076,34.98821366392076,27.286374321207404,27.326343378052115
44.829203305765986,0.5203277058899403,t2av_changed_cpu,135.81793127581477,3,20,12.680908203125,,1,True,,ComfyUI API,44.85571305640042,,99.34549439698458,99.34549439698458,99.34549439698458,44.308875599876046,44.39373281598091
44.677503215149045,0.3925271537154913,t2av_changed_cpu_threads8,163.79137556999922,3,20,12.680908203125,,1,True,,ComfyUI API,44.70559409074485,,117.67268699593842,117.67268699593842,117.67268699593842,44.284976061433554,44.328157383948565
44.945765959098935,0.3630985990166664,t2av_changed_gpu,89.18244522996247,3,20,26.184814453125,,1,True,,ComfyUI API,44.973474480211735,,52.35149301216006,52.35149301216006,52.35149301216006,44.58266736008227,44.62907223217189
44.80799243412912,,t2av_changed_gpu_fixed_native,88.50279792025685,3,20,26.827392578125,,1,True,,ComfyUI API,44.83718390762806,,52.42906232737005,52.42906232737005,52.42906232737005,,
44.45661251433194,0.4455010164529085,t2av_cudnn_native,139.55227161571383,3,20,12.686767578125,,1,True,,ComfyUI API,44.486303083598614,,51.52797970548272,51.52797970548272,51.52797970548272,44.01111149787903,44.084849026054144
,,t2av_fast_attention_plain_native,127.86606499180198,7,,14.339111328125,,5,False,,ComfyUI API,30.87935176678002,,38.19265444017947,38.092818511649966,37.992538979277015,,
30.816051555797458,0.2477612867951393,t2av_fast_attention_profile_native,124.82541754469275,3,20,14.339111328125,,1,True,,ComfyUI API,30.845071841031313,,37.95656602270901,37.95656602270901,37.95656602270901,30.56829026900232,30.610989816486835
,,t2av_fast_gpu_te_plain_native,74.86325038969517,7,,27.843017578125,,5,False,,ComfyUI API,30.836307706311345,,38.796934220939875,38.57121502794325,38.54721276462078,,
30.76595672033727,,t2av_fast_gpu_te_profile_native,72.60071470402181,3,20,27.786376953125,,1,True,,ComfyUI API,30.795618262141943,,38.542016208171844,38.542016208171844,38.542016208171844,,
30.716528736054897,0.23662298545241356,t2av_fast_resident8_profile_native,119.2613123357296,3,20,20.399658203125,,1,True,,ComfyUI API,30.743065174669027,,38.097550047561526,38.097550047561526,38.097550047561526,30.479905750602484,30.51850706525147
44.807389330118895,0.2990936953574419,t2av_fixed_profile_native,141.0431854892522,3,20,13.325439453125,,1,True,,ComfyUI API,44.83242670632899,,51.785775071009994,51.785775071009994,51.785775071009994,44.50829563476145,44.567241445183754
45.92697856761515,,t2av_integrated,138.6793350316584,7,20,11.930908203125,,5,True,,ComfyUI API,45.953717367723584,,53.281905269250274,53.006500544026494,52.89393592439592,,
,,t2av_integrated_gpu_te_native,87.28452085703611,1,20,22.835205078125,,0,True,,ComfyUI API,,,,,,,
42.90080483071506,,t2av_official,115.86701722070575,7,20,31.79876708984375,,5,True,,ComfyUI API,42.94262382760644,,51.30457017943263,50.79022731631994,50.61745144799352,,
29.088109916076064,,t2av_official_kitchen_native,90.9475096669048,3,20,31.58001708984375,,1,True,,ComfyUI API,29.126656599342823,,36.87374363280833,36.87374363280833,36.87374363280833,,
42.822370985522866,,t2av_official_native,107.39767258986831,3,20,31.59368896484375,,1,True,,ComfyUI API,42.86099776253104,,50.4297582320869,50.4297582320869,50.4297582320869,,
,,t2av_official_plain_native,104.39246725663543,7,,31.58001708984375,,5,False,,ComfyUI API,43.01578311435878,,50.6338086463511,50.49142655171454,50.47712215408683,,
29.164539517834783,,t2av_official_sage2_native,92.04956903494895,3,20,31.58978271484375,,1,True,,ComfyUI API,29.20349793508649,,36.910810044035316,36.910810044035316,36.910810044035316,,
28.854562625288963,,t2av_official_sage3_native,92.01574350707233,3,20,31.58587646484375,,1,True,,ComfyUI API,28.898566037416458,,36.76602494344115,36.76602494344115,36.76602494344115,,
,,t2av_official_sage3_plain_native,92.49296997115016,7,,31.58587646484375,,5,False,,ComfyUI API,29.123977061361074,,36.87082919292152,36.67086640372872,36.344736287370324,,
,,t2av_optimized_plain_native,141.0941452793777,7,,13.325439453125,,5,False,,ComfyUI API,44.870803551748395,,52.37654014490545,52.244799776002765,52.09707723557949,,
44.98697357624769,0.47018864564597607,t2av_prefetch_resident24_beforefix_native,130.9156970065087,3,20,28.493408203125,,1,True,,ComfyUI API,45.013958014547825,,52.01774851977825,52.01774851977825,52.01774851977825,44.516784930601716,44.55819018185139
45.094463132321835,0.5300094019621611,t2av_prefetch_resident_native,140.83833188936114,3,20,18.778564453125,,1,True,,ComfyUI API,45.1225984916091,,52.53247571922839,52.53247571922839,52.53247571922839,44.56445373035967,44.61307628825307
45.726199420168996,0.6811281051486731,t2av_profile_async,140.8875404652208,3,20,11.774658203125,,1,True,,ComfyUI API,45.751915788277984,,52.669489400461316,52.669489400461316,52.669489400461316,45.04507131502032,45.089500891044736
44.99569571390748,0.4116004407405853,t2av_profile_native,139.58591887913644,3,20,12.678955078125,,1,True,,ComfyUI API,45.02175931073725,,52.04658443108201,52.04658443108201,52.04658443108201,44.584095273166895,44.62948171235621
31.75530380010605,0.41772325709462166,t2av_sage2_native,122.58714951202273,3,20,13.219970703125,,1,True,,ComfyUI API,31.78434221819043,,39.09225373156369,39.09225373156369,39.09225373156369,31.337580543011427,31.38237877190113
31.77397727034986,0.43270812928676605,t2av_sage3_native,123.988445866853,3,20,14.23370361328125,,1,True,,ComfyUI API,31.80086641944945,,38.88845671340823,38.88845671340823,38.88845671340823,31.341269141063094,31.38165458664298
28.258837090805173,0.31435765139758587,t2av_spectrum20_beforefix_native,125.63524470850825,3,20,12.678955078125,,1,True,,ComfyUI API,28.285991244018078,,35.48760642670095,35.48760642670095,35.48760642670095,27.944479439407587,27.981356708332896
,,t2av_unsplit_fast_plain_native,124.6365328244865,7,,14.190673828125,,5,False,,ComfyUI API,29.405836768448353,,36.85895852930844,36.66055022738874,36.46047984063625,,
29.40519818663597,0.3287843428552151,t2av_unsplit_fast_profile_native,121.59095397591591,3,20,14.190673828125,,1,True,,ComfyUI API,29.4354814812541,,36.566015699878335,36.566015699878335,36.566015699878335,29.076413843780756,29.151750326156616
43.44676183536649,0.3760738577693701,t2av_unsplit_sdpa_profile_native,137.48592949844897,3,20,13.177001953125,,1,True,,ComfyUI API,43.47486997209489,,50.98908462934196,50.98908462934196,50.98908462934196,43.07068797759712,43.156302662566304
,,t2av_unwrapped_latent_check,135.8227279484272,1,,12.917236328125,,0,False,,ComfyUI API,,,,,,,
32.597040792927146,0.10804368369281292,vdn_fixed_profile_native,135.77996643818915,3,8,16.569580078125,,1,True,,ComfyUI API,32.60978230834007,,40.20599864795804,40.20599864795804,40.20599864795804,32.48899710923433,32.5093243625015
19.24345181323588,0.20148104056715965,vdn_fp8_beforefix_native,153.5565182697028,3,8,13.891845703125,,1,True,,ComfyUI API,19.254885168746114,,26.28995499201119,26.28995499201119,26.28995499201119,19.04197077266872,19.059602657333016
19.162174308672547,0.1470996905118227,vdn_fp8_fixed_profile_native,158.18087881430984,3,8,14.538330078125,,1,True,,ComfyUI API,19.17349891550839,,26.166972940787673,26.166972940787673,26.166972940787673,19.015074618160725,19.047770550474524
,,vdn_fp8_plain_native,150.58958644792438,7,,14.538330078125,,5,False,,ComfyUI API,19.180940406396985,,26.381555764004588,26.338449601083994,26.30642527155578,,
33.429149746894836,,vdn_integrated,152.51083026081324,7,8,14.524658203125,,5,True,,ComfyUI API,33.446613209322095,,40.82563313469291,40.501930167898536,40.418740760535,,
,,vdn_optimized_plain_native,141.6328038778156,7,,16.569580078125,,5,False,,ComfyUI API,32.669775635004044,,40.01917544007301,39.85695048049092,39.80419240705669,,
32.71574888564646,0.32622375898063183,vdn_prefetch_resident8_beforefix_native,134.90609348379076,3,8,28.782470703125,,1,True,,ComfyUI API,32.72674626857042,,39.95707283914089,39.95707283914089,39.95707283914089,32.38952512666583,32.4104798194021
32.700206683948636,0.31020770594477654,vdn_prefetch_resident_native,133.6543951779604,3,8,23.665283203125,,1,True,,ComfyUI API,32.71218082681298,,40.08667287416756,40.08667287416756,40.08667287416756,32.38999897800386,32.4103063903749
32.73205032199621,0.2453494369983673,vdn_profile_native,136.13896452635527,3,8,15.923095703125,,1,True,,ComfyUI API,32.74342664517462,,39.76276989094913,39.76276989094913,39.76276989094913,32.486700884997845,32.508496480062604
,,ref2av,175.57069811224937,7,,28.9439697265625,26.193359375,5,,38.05995261669159,SGLang Python API,144.70994881168008,synchronized stage timer,160.02469432726502,159.6620863135904,159.544445136562,,
,,t2av,76.72138096019626,7,,,21.7265625,5,,34.06864488683641,SGLang Python API,44.7597,asynchronous log; validate with synchronized profile,52.85926924087107,52.72532135620713,52.59758819825947,,
,,t2av_fast_native,58.43753804080188,7,,24.4635009765625,21.7265625,5,,41.64561589807272,SGLang Python API,44.7597,asynchronous log; validate with synchronized profile,38.76776863634586,38.677236799150705,38.56750580482185,,
,,t2av_sync,67.95186489447951,3,,24.4635009765625,21.7265625,1,,35.15331779420376,SGLang Python API,44.7536010351032,synchronized stage timer,52.493069810792804,52.493069810792804,52.493069810792804,,
,,t2av_unsplit_fast_native,54.96022308990359,7,,24.4635009765625,21.7265625,5,,34.70784838870168,SGLang Python API,44.7597,asynchronous log; validate with synchronized profile,37.419370364397764,37.19206013530493,37.16298074088991,,
,,vdn,63.86387972347438,7,,27.0025634765625,24.234375,5,,44.99886371195316,SGLang Python API,32.690195832401514,synchronized stage timer,40.45367810688913,40.42565990239382,40.40535840578377,,
,,vdn_fp8_native,42.131308156996965,7,,24.9732666015625,22.263671875,5,,68.52947458438575,SGLang Python API,,asynchronous stage timer; use API wall time for comparisons,27.064859813079238,26.962222564965487,26.89762850292027,,
,,vdn_optimized_native,60.4481643345207,7,,27.0025634765625,24.234375,5,,55.120409321039915,SGLang Python API,,asynchronous stage timer; use API wall time for comparisons,40.57124322466552,40.43445953540504,40.37803775444627,,
